Workbook

Sheet WhatsApp Data
A1: Date | B1: Day | C1: Total Messages | D1: My Messages | E1: Your Messages | F1: Started By | G1: Ended By | H1: Doc Sent | I1: Doc Received | J1: Voice Note Sent | K1: Voice Note Received | L1: Call Sent | M1: Call Sent (Answered) | N1: Call Received | O1: Call Received (Answered) | P1: Call Duration (min) | Q1: Messages Deleted (By Me) | R1: Messages Deleted (By You) | S1: My Reactions | T1: Your Reactions | U1: My Stickers | V1: Your Stickers | W1: My Emojis | X1: Your Emojis | Y1: Links Sent | Z1: Links Received | AA1: Media Sent | AB1: Media Received
A2: 46041 | B2: =TEXT(A2,"ddd") -> Mon | C2: 12 | D2: 9 | E2: 3 | F2: Me | G2: Me | I2: 1
A3: 46042 | B3: =TEXT(A3,"ddd") -> Tue
A4: 46043 | B4: =TEXT(A4,"ddd") -> Wed
A5: 46044 | B5: =TEXT(A5,"ddd") -> Thu | C5: 4 | D5: 3 | E5: 1 | F5: Me | G5: Me | J5: 1
A6: 46045 | B6: =TEXT(A6,"ddd") -> Fri
A7: 46046 | B7: =TEXT(A7,"ddd") -> Sat
A8: 46047 | B8: =TEXT(A8,"ddd") -> Sun | C8: 2 | D8: 2 | F8: Me | G8: Me | AA8: 1
A9: 46048 | B9: =TEXT(A9,"ddd") -> Mon | C9: 24 | D9: 14 | E9: 10 | F9: Me | G9: You
A10: 46049 | B10: =TEXT(A10,"ddd") -> Tue
A11: 46050 | B11: =TEXT(A11,"ddd") -> Wed
A12: 46051 | B12: =TEXT(A12,"ddd") -> Thu
A13: 46052 | B13: =TEXT(A13,"ddd") -> Fri
A14: 46053 | B14: =TEXT(A14,"ddd") -> Sat
A15: 46054 | B15: =TEXT(A15,"ddd") -> Sun
A16: 46055 | B16: =TEXT(A16,"ddd") -> Mon
A17: 46056 | B17: =TEXT(A17,"ddd") -> Tue | C17: 2 | D17: 2 | F17: Me | G17: Me | H17: 1
A18: 46057 | B18: =TEXT(A18,"ddd") -> Wed
A19: 46058 | B19: =TEXT(A19,"ddd") -> Thu | C19: 15 | D19: 13 | E19: 2 | F19: Me | G19: Me | K19: 2
A20: 46059 | B20: =TEXT(A20,"ddd") -> Fri
A21: 46060 | B21: =TEXT(A21,"ddd") -> Sat
A22: 46061 | B22: =TEXT(A22,"ddd") -> Sun
A23: 46062 | B23: =TEXT(A23,"ddd") -> Mon | C23: 2 | D23: 1 | E23: 1 | F23: Me | G23: You | I23: 1
A24: 46063 | B24: =TEXT(A24,"ddd") -> Tue
A25: 46064 | B25: =TEXT(A25,"ddd") -> Wed
A26: 46065 | B26: =TEXT(A26,"ddd") -> Thu
A27: 46066 | B27: =TEXT(A27,"ddd") -> Fri | C27: 8 | D27: 4 | E27: 4 | F27: You | G27: You | I27: 4 | Z27: 1
A28: 46067 | B28: =TEXT(A28,"ddd") -> Sat
A29: 46068 | B29: =TEXT(A29,"ddd") -> Sun | C29: 2 | D29: 1 | E29: 1 | F29: Me | G29: You | J29: 1 | K29: 1
A30: 46069 | B30: =TEXT(A30,"ddd") -> Mon | C30: 35 | D30: 20 | E30: 15 | F30: You | G30: You | J30: 4 | K30: 4
A31: 46070 | B31: =TEXT(A31,"ddd") -> Tue
A32: 46071 | B32: =TEXT(A32,"ddd") -> Wed
A33: 46072 | B33: =TEXT(A33,"ddd") -> Thu
A34: 46073 | B34: =TEXT(A34,"ddd") -> Fri
A35: 46074 | B35: =TEXT(A35,"ddd") -> Sat | C35: 7 | D35: 1 | E35: 6 | F35: You | G35: You | I35: 5
A36: 46075 | B36: =TEXT(A36,"ddd") -> Sun | C36: 21 | D36: 6 | E36: 15 | F36: Me | G36: Me | J36: 1 | N36: 1 | T36: 1 | Z36: 2
A37: 46076 | B37: =TEXT(A37,"ddd") -> Mon | C37: 5 | D37: 3 | E37: 2 | F37: Me | G37: You | J37: 1
A38: 46077 | B38: =TEXT(A38,"ddd") -> Tue
A39: 46078 | B39: =TEXT(A39,"ddd") -> Wed
A40: 46079 | B40: =TEXT(A40,"ddd") -> Thu | C40: 10 | D40: 6 | E40: 4 | F40: Me | G40: You | J40: 2 | K40: 2 | T40: 1
A41: 46080 | B41: =TEXT(A41,"ddd") -> Fri
A42: 46081 | B42: =TEXT(A42,"ddd") -> Sat
A43: 46082 | B43: =TEXT(A43,"ddd") -> Sun | C43: 2 | D43: 1 | E43: 1 | F43: You | G43: Me | K43: 1
A44: 46083 | B44: =TEXT(A44,"ddd") -> Mon | C44: 2 | D44: 1 | E44: 1 | F44: Me | G44: You
A45: 46084 | B45: =TEXT(A45,"ddd") -> Tue | C45: 2 | D45: 1 | E45: 1 | F45: You | G45: Me
A46: 46085 | B46: =TEXT(A46,"ddd") -> Wed
A47: 46086 | B47: =TEXT(A47,"ddd") -> Thu
A48: 46087 | B48: =TEXT(A48,"ddd") -> Fri
A49: 46088 | B49: =TEXT(A49,"ddd") -> Sat | C49: 4 | D49: 1 | E49: 3 | F49: You | G49: Me | Z49: 1
A50: 46089 | B50: =TEXT(A50,"ddd") -> Sun
A51: 46090 | B51: =TEXT(A51,"ddd") -> Mon | C51: 6 | D51: 4 | E51: 2 | F51: Me | G51: Me
A52: 46091 | B52: =TEXT(A52,"ddd") -> Tue
A53: 46092 | B53: =TEXT(A53,"ddd") -> Wed | C53: 8 | D53: 2 | E53: 6 | F53: You | G53: You | S53: 1 | Z53: 1
A54: 46093 | B54: =TEXT(A54,"ddd") -> Thu
A55: 46094 | B55: =TEXT(A55,"ddd") -> Fri | C55: 6 | D55: 3 | E55: 3 | F55: Me | G55: Me | J55: 1 | K55: 1
A56: 46095 | B56: =TEXT(A56,"ddd") -> Sat | C56: 13 | D56: 8 | E56: 5 | F56: Me | G56: Me | J56: 5 | K56: 3
A57: 46096 | B57: =TEXT(A57,"ddd") -> Sun | C57: 6 | D57: 2 | E57: 4 | F57: Me | G57: You | J57: 1 | K57: 1
A58: 46097 | B58: =TEXT(A58,"ddd") -> Mon
A59: 46098 | B59: =TEXT(A59,"ddd") -> Tue | C59: 13 | D59: 8 | E59: 5 | F59: You | G59: Me | H59: 1 | J59: 1 | AA59: 1
A60: 46099 | B60: =TEXT(A60,"ddd") -> Wed | C60: 2 | D60: 1 | E60: 1 | F60: You | G60: Me
A61: 46100 | B61: =TEXT(A61,"ddd") -> Thu
A62: 46101 | B62: =TEXT(A62,"ddd") -> Fri
A63: 46102 | B63: =TEXT(A63,"ddd") -> Sat
A64: 46103 | B64: =TEXT(A64,"ddd") -> Sun
A65: 46104 | B65: =TEXT(A65,"ddd") -> Mon
A66: 46105 | B66: =TEXT(A66,"ddd") -> Tue | C66: 14 | D66: 8 | E66: 6 | F66: Me | G66: Me | J66: 2 | K66: 2 | AA66: 1
A67: 46106 | B67: =TEXT(A67,"ddd") -> Wed | C67: 16 | D67: 11 | E67: 5 | F67: Me | G67: You | K67: 1
A68: 46107 | B68: =TEXT(A68,"ddd") -> Thu | C68: 1 | E68: 1 | F68: You | G68: You | Z68: 1
A69: 46108 | B69: =TEXT(A69,"ddd") -> Fri | C69: 11 | D69: 5 | E69: 6 | F69: Me | G69: You | Z69: 1
A70: 46109 | B70: =TEXT(A70,"ddd") -> Sat | C70: 3 | E70: 3 | F70: You | G70: You | Z70: 1
A71: 46110 | B71: =TEXT(A71,"ddd") -> Sun
A72: 46111 | B72: =TEXT(A72,"ddd") -> Mon
A73: 46112 | B73: =TEXT(A73,"ddd") -> Tue
A74: 46113 | B74: =TEXT(A74,"ddd") -> Wed | C74: 7 | D74: 3 | E74: 4 | F74: Me | G74: You | AA74: 1
A75: 46114 | B75: =TEXT(A75,"ddd") -> Thu
A76: 46115 | B76: =TEXT(A76,"ddd") -> Fri
A77: 46116 | B77: =TEXT(A77,"ddd") -> Sat | C77: 2 | D77: 1 | E77: 1 | F77: You | G77: Me
A78: 46117 | B78: =TEXT(A78,"ddd") -> Sun | C78: 3 | D78: 1 | E78: 2 | F78: Me | G78: You | J78: 1 | Z78: 1
A79: 46118 | B79: =TEXT(A79,"ddd") -> Mon | C79: 3 | D79: 1 | E79: 2 | F79: You | G79: Me
A80: 46119 | B80: =TEXT(A80,"ddd") -> Tue | C80: 20 | D80: 12 | E80: 8 | F80: Me | G80: Me | H80: 1 | I80: 1 | J80: 3 | K80: 2 | R80: 1 | S80: 1
A81: 46120 | B81: =TEXT(A81,"ddd") -> Wed
A82: 46121 | B82: =TEXT(A82,"ddd") -> Thu
A83: 46122 | B83: =TEXT(A83,"ddd") -> Fri | C83: 1 | E83: 1 | F83: You | G83: You | I83: 1
A84: 46123 | B84: =TEXT(A84,"ddd") -> Sat
A85: 46124 | B85: =TEXT(A85,"ddd") -> Sun
A86: 46125 | B86: =TEXT(A86,"ddd") -> Mon | C86: 3 | D86: 3 | F86: Me | G86: Me
A87: 46126 | B87: =TEXT(A87,"ddd") -> Tue
A88: 46127 | B88: =TEXT(A88,"ddd") -> Wed
A89: 46128 | B89: =TEXT(A89,"ddd") -> Thu
A90: 46129 | B90: =TEXT(A90,"ddd") -> Fri | C90: 3 | D90: 1 | E90: 2 | F90: Me | G90: You | J90: 1 | S90: 1
A91: 46130 | B91: =TEXT(A91,"ddd") -> Sat
A92: 46131 | B92: =TEXT(A92,"ddd") -> Sun
A93: 46132 | B93: =TEXT(A93,"ddd") -> Mon | C93: 4 | D93: 3 | E93: 1 | F93: Me | G93: You | H93: 1 | J93: 1
A94: 46133 | B94: =TEXT(A94,"ddd") -> Tue | C94: 3 | D94: 2 | E94: 1 | F94: Me | G94: You
A95: 46134 | B95: =TEXT(A95,"ddd") -> Wed
A96: 46135 | B96: =TEXT(A96,"ddd") -> Thu
A97: 46136 | B97: =TEXT(A97,"ddd") -> Fri | C97: 1 | E97: 1 | F97: You | G97: You | R97: 1
A98: 46137 | B98: =TEXT(A98,"ddd") -> Sat
A99: 46138 | B99: =TEXT(A99,"ddd") -> Sun
A100: 46139 | B100: =TEXT(A100,"ddd") -> Mon
...

Sheet Summary
A1: Totals (auto-calculate from 'WhatsApp Data')
A2: Days covered | B2: =COUNT('WhatsApp Data'!A2:A111) -> 110
A3: Days with messages | B3: =COUNTIF('WhatsApp Data'!C2:C111,">0") -> 45
A4: Started by Me (days) | B4: =COUNTIF('WhatsApp Data'!F2:F111,"Me") -> 28
A5: Started by You (days) | B5: =COUNTIF('WhatsApp Data'!F2:F111,"You") -> 17
A6: Ended by Me (days) | B6: =COUNTIF('WhatsApp Data'!G2:G111,"Me") -> 22
A7: Ended by You (days) | B7: =COUNTIF('WhatsApp Data'!G2:G111,"You") -> 23
A9: Metric | B9: Total | C9: Daily Average
A10: Total Messages | B10: =SUM('WhatsApp Data'!C2:C111) -> 329 | C10: =IFERROR(B10/$B$2,0) -> 2.9909091
A11: My Messages | B11: =SUM('WhatsApp Data'!D2:D111) -> 180 | C11: =IFERROR(B11/$B$2,0) -> 1.6363636
A12: Your Messages | B12: =SUM('WhatsApp Data'!E2:E111) -> 149 | C12: =IFERROR(B12/$B$2,0) -> 1.3545455
A13: Doc Sent | B13: =SUM('WhatsApp Data'!H2:H111) -> 4 | C13: =IFERROR(B13/$B$2,0) -> 0.036363636
A14: Doc Received | B14: =SUM('WhatsApp Data'!I2:I111) -> 13 | C14: =IFERROR(B14/$B$2,0) -> 0.11818182
A15: Voice Note Sent | B15: =SUM('WhatsApp Data'!J2:J111) -> 31 | C15: =IFERROR(B15/$B$2,0) -> 0.28181818
A16: Voice Note Received | B16: =SUM('WhatsApp Data'!K2:K111) -> 24 | C16: =IFERROR(B16/$B$2,0) -> 0.21818182
A17: Call Sent | B17: =SUM('WhatsApp Data'!L2:L111) -> 0 | C17: =IFERROR(B17/$B$2,0) -> 0
A18: Call Sent (Answered) | B18: =SUM('WhatsApp Data'!M2:M111) -> 0 | C18: =IFERROR(B18/$B$2,0) -> 0
A19: Call Received | B19: =SUM('WhatsApp Data'!N2:N111) -> 1 | C19: =IFERROR(B19/$B$2,0) -> 0.0090909091
A20: Call Received (Answered) | B20: =SUM('WhatsApp Data'!O2:O111) -> 0 | C20: =IFERROR(B20/$B$2,0) -> 0
A21: Call Duration (min) | B21: =SUM('WhatsApp Data'!P2:P111) -> 0 | C21: =IFERROR(B21/$B$2,0) -> 0
A22: Messages Deleted (By Me) | B22: =SUM('WhatsApp Data'!Q2:Q111) -> 0 | C22: =IFERROR(B22/$B$2,0) -> 0
A23: Messages Deleted (By You) | B23: =SUM('WhatsApp Data'!R2:R111) -> 3 | C23: =IFERROR(B23/$B$2,0) -> 0.027272727
A24: My Reactions | B24: =SUM('WhatsApp Data'!S2:S111) -> 3 | C24: =IFERROR(B24/$B$2,0) -> 0.027272727
A25: Your Reactions | B25: =SUM('WhatsApp Data'!T2:T111) -> 3 | C25: =IFERROR(B25/$B$2,0) -> 0.027272727
A26: My Stickers | B26: =SUM('WhatsApp Data'!U2:U111) -> 0 | C26: =IFERROR(B26/$B$2,0) -> 0
A27: Your Stickers | B27: =SUM('WhatsApp Data'!V2:V111) -> 0 | C27: =IFERROR(B27/$B$2,0) -> 0
A28: My Emojis | B28: =SUM('WhatsApp Data'!W2:W111) -> 0 | C28: =IFERROR(B28/$B$2,0) -> 0
A29: Your Emojis | B29: =SUM('WhatsApp Data'!X2:X111) -> 0 | C29: =IFERROR(B29/$B$2,0) -> 0
A30: Links Sent | B30: =SUM('WhatsApp Data'!Y2:Y111) -> 0 | C30: =IFERROR(B30/$B$2,0) -> 0
A31: Links Received | B31: =SUM('WhatsApp Data'!Z2:Z111) -> 10 | C31: =IFERROR(B31/$B$2,0) -> 0.090909091
A32: Media Sent | B32: =SUM('WhatsApp Data'!AA2:AA111) -> 4 | C32: =IFERROR(B32/$B$2,0) -> 0.036363636
A33: Media Received | B33: =SUM('WhatsApp Data'!AB2:AB111) -> 0 | C33: =IFERROR(B33/$B$2,0) -> 0
